T_C,P_MPa,H2O
1200,50,0.5
1190,50,0.5
1180,50,0.5
1170,50,0.5
1160,50,0.5
1150,50,0.5
1140,50,0.5
1130,50,0.5
1120,50,0.5
1110,50,0.5
1100,50,0.5
1090,50,0.5
1080,50,0.5
1070,50,0.5
1060,50,0.5
1050,50,0.5
1040,50,0.5
1030,50,0.5
1020,50,0.5
1010,50,0.5
1000,50,0.5
990,50,0.5
980,50,0.5
970,50,0.5
960,50,0.5
950,50,0.5
940,50,0.5
930,50,0.5
920,50,0.5
910,50,0.5
900,50,0.5
890,50,0.5
880,50,0.5
870,50,0.5
860,50,0.5
850,50,0.5
840,50,0.5
830,50,0.5
820,50,0.5
810,50,0.5
800,50,0.5
790,50,0.5
780,50,0.5
770,50,0.5
760,50,0.5
750,50,0.5
740,50,0.5
730,50,0.5
720,50,0.5
710,50,0.5
700,50,0.5
690,50,0.5
680,50,0.5
670,50,0.5
660,50,0.5
650,50,0.5
640,50,0.5
630,50,0.5
620,50,0.5
610,50,0.5
600,50,0.5
1200,100,0.5
1190,100,0.5
1180,100,0.5
1170,100,0.5
1160,100,0.5
1150,100,0.5
1140,100,0.5
1130,100,0.5
1120,100,0.5
1110,100,0.5
1100,100,0.5
1090,100,0.5
1080,100,0.5
1070,100,0.5
1060,100,0.5
1050,100,0.5
1040,100,0.5
1030,100,0.5
1020,100,0.5
1010,100,0.5
1000,100,0.5
990,100,0.5
980,100,0.5
970,100,0.5
960,100,0.5
950,100,0.5
940,100,0.5
930,100,0.5
920,100,0.5
910,100,0.5
900,100,0.5
890,100,0.5
880,100,0.5
870,100,0.5
860,100,0.5
850,100,0.5
840,100,0.5
830,100,0.5
820,100,0.5
810,100,0.5
800,100,0.5
790,100,0.5
780,100,0.5
770,100,0.5
760,100,0.5
750,100,0.5
740,100,0.5
730,100,0.5
720,100,0.5
710,100,0.5
700,100,0.5
690,100,0.5
680,100,0.5
670,100,0.5
660,100,0.5
650,100,0.5
640,100,0.5
630,100,0.5
620,100,0.5
610,100,0.5
600,100,0.5
1200,150,0.5
1190,150,0.5
1180,150,0.5
1170,150,0.5
1160,150,0.5
1150,150,0.5
1140,150,0.5
1130,150,0.5
1120,150,0.5
1110,150,0.5
1100,150,0.5
1090,150,0.5
1080,150,0.5
1070,150,0.5
1060,150,0.5
1050,150,0.5
1040,150,0.5
1030,150,0.5
1020,150,0.5
1010,150,0.5
1000,150,0.5
990,150,0.5
980,150,0.5
970,150,0.5
960,150,0.5
950,150,0.5
940,150,0.5
930,150,0.5
920,150,0.5
910,150,0.5
900,150,0.5
890,150,0.5
880,150,0.5
870,150,0.5
860,150,0.5
850,150,0.5
840,150,0.5
830,150,0.5
820,150,0.5
810,150,0.5
800,150,0.5
790,150,0.5
780,150,0.5
770,150,0.5
760,150,0.5
750,150,0.5
740,150,0.5
730,150,0.5
720,150,0.5
710,150,0.5
700,150,0.5
690,150,0.5
680,150,0.5
670,150,0.5
660,150,0.5
650,150,0.5
640,150,0.5
630,150,0.5
620,150,0.5
610,150,0.5
600,150,0.5
1200,200,0.5
1190,200,0.5
1180,200,0.5
1170,200,0.5
1160,200,0.5
1150,200,0.5
1140,200,0.5
1130,200,0.5
1120,200,0.5
1110,200,0.5
1100,200,0.5
1090,200,0.5
1080,200,0.5
1070,200,0.5
1060,200,0.5
1050,200,0.5
1040,200,0.5
1030,200,0.5
1020,200,0.5
1010,200,0.5
1000,200,0.5
990,200,0.5
980,200,0.5
970,200,0.5
960,200,0.5
950,200,0.5
940,200,0.5
930,200,0.5
920,200,0.5
910,200,0.5
900,200,0.5
890,200,0.5
880,200,0.5
870,200,0.5
860,200,0.5
850,200,0.5
840,200,0.5
830,200,0.5
820,200,0.5
810,200,0.5
800,200,0.5
790,200,0.5
780,200,0.5
770,200,0.5
760,200,0.5
750,200,0.5
740,200,0.5
730,200,0.5
720,200,0.5
710,200,0.5
700,200,0.5
690,200,0.5
680,200,0.5
670,200,0.5
660,200,0.5
650,200,0.5
640,200,0.5
630,200,0.5
620,200,0.5
610,200,0.5
600,200,0.5
1200,250,0.5
1190,250,0.5
1180,250,0.5
1170,250,0.5
1160,250,0.5
1150,250,0.5
1140,250,0.5
1130,250,0.5
1120,250,0.5
1110,250,0.5
1100,250,0.5
1090,250,0.5
1080,250,0.5
1070,250,0.5
1060,250,0.5
1050,250,0.5
1040,250,0.5
1030,250,0.5
1020,250,0.5
1010,250,0.5
1000,250,0.5
990,250,0.5
980,250,0.5
970,250,0.5
960,250,0.5
950,250,0.5
940,250,0.5
930,250,0.5
920,250,0.5
910,250,0.5
900,250,0.5
890,250,0.5
880,250,0.5
870,250,0.5
860,250,0.5
850,250,0.5
840,250,0.5
830,250,0.5
820,250,0.5
810,250,0.5
800,250,0.5
790,250,0.5
780,250,0.5
770,250,0.5
760,250,0.5
750,250,0.5
740,250,0.5
730,250,0.5
720,250,0.5
710,250,0.5
700,250,0.5
690,250,0.5
680,250,0.5
670,250,0.5
660,250,0.5
650,250,0.5
640,250,0.5
630,250,0.5
620,250,0.5
610,250,0.5
600,250,0.5
1200,300,0.5
1190,300,0.5
1180,300,0.5
1170,300,0.5
1160,300,0.5
1150,300,0.5
1140,300,0.5
1130,300,0.5
1120,300,0.5
1110,300,0.5
1100,300,0.5
1090,300,0.5
1080,300,0.5
1070,300,0.5
1060,300,0.5
1050,300,0.5
1040,300,0.5
1030,300,0.5
1020,300,0.5
1010,300,0.5
1000,300,0.5
990,300,0.5
980,300,0.5
970,300,0.5
960,300,0.5
950,300,0.5
940,300,0.5
930,300,0.5
920,300,0.5
910,300,0.5
900,300,0.5
890,300,0.5
880,300,0.5
870,300,0.5
860,300,0.5
850,300,0.5
840,300,0.5
830,300,0.5
820,300,0.5
810,300,0.5
800,300,0.5
790,300,0.5
780,300,0.5
770,300,0.5
760,300,0.5
750,300,0.5
740,300,0.5
730,300,0.5
720,300,0.5
710,300,0.5
700,300,0.5
690,300,0.5
680,300,0.5
670,300,0.5
660,300,0.5
650,300,0.5
640,300,0.5
630,300,0.5
620,300,0.5
610,300,0.5
600,300,0.5
1200,350,0.5
1190,350,0.5
1180,350,0.5
1170,350,0.5
1160,350,0.5
1150,350,0.5
1140,350,0.5
1130,350,0.5
1120,350,0.5
1110,350,0.5
1100,350,0.5
1090,350,0.5
1080,350,0.5
1070,350,0.5
1060,350,0.5
1050,350,0.5
1040,350,0.5
1030,350,0.5
1020,350,0.5
1010,350,0.5
1000,350,0.5
990,350,0.5
980,350,0.5
970,350,0.5
960,350,0.5
950,350,0.5
940,350,0.5
930,350,0.5
920,350,0.5
910,350,0.5
900,350,0.5
890,350,0.5
880,350,0.5
870,350,0.5
860,350,0.5
850,350,0.5
840,350,0.5
830,350,0.5
820,350,0.5
810,350,0.5
800,350,0.5
790,350,0.5
780,350,0.5
770,350,0.5
760,350,0.5
750,350,0.5
740,350,0.5
730,350,0.5
720,350,0.5
710,350,0.5
700,350,0.5
690,350,0.5
680,350,0.5
670,350,0.5
660,350,0.5
650,350,0.5
640,350,0.5
630,350,0.5
620,350,0.5
610,350,0.5
600,350,0.5
1200,400,0.5
1190,400,0.5
1180,400,0.5
1170,400,0.5
1160,400,0.5
1150,400,0.5
1140,400,0.5
1130,400,0.5
1120,400,0.5
1110,400,0.5
1100,400,0.5
1090,400,0.5
1080,400,0.5
1070,400,0.5
1060,400,0.5
1050,400,0.5
1040,400,0.5
1030,400,0.5
1020,400,0.5
1010,400,0.5
1000,400,0.5
990,400,0.5
980,400,0.5
970,400,0.5
960,400,0.5
950,400,0.5
940,400,0.5
930,400,0.5
920,400,0.5
910,400,0.5
900,400,0.5
890,400,0.5
880,400,0.5
870,400,0.5
860,400,0.5
850,400,0.5
840,400,0.5
830,400,0.5
820,400,0.5
810,400,0.5
800,400,0.5
790,400,0.5
780,400,0.5
770,400,0.5
760,400,0.5
750,400,0.5
740,400,0.5
730,400,0.5
720,400,0.5
710,400,0.5
700,400,0.5
690,400,0.5
680,400,0.5
670,400,0.5
660,400,0.5
650,400,0.5
640,400,0.5
630,400,0.5
620,400,0.5
610,400,0.5
600,400,0.5
1200,450,0.5
1190,450,0.5
1180,450,0.5
1170,450,0.5
1160,450,0.5
1150,450,0.5
1140,450,0.5
1130,450,0.5
1120,450,0.5
1110,450,0.5
1100,450,0.5
1090,450,0.5
1080,450,0.5
1070,450,0.5
1060,450,0.5
1050,450,0.5
1040,450,0.5
1030,450,0.5
1020,450,0.5
1010,450,0.5
1000,450,0.5
990,450,0.5
980,450,0.5
970,450,0.5
960,450,0.5
950,450,0.5
940,450,0.5
930,450,0.5
920,450,0.5
910,450,0.5
900,450,0.5
890,450,0.5
880,450,0.5
870,450,0.5
860,450,0.5
850,450,0.5
840,450,0.5
830,450,0.5
820,450,0.5
810,450,0.5
800,450,0.5
790,450,0.5
780,450,0.5
770,450,0.5
760,450,0.5
750,450,0.5
740,450,0.5
730,450,0.5
720,450,0.5
710,450,0.5
700,450,0.5
690,450,0.5
680,450,0.5
670,450,0.5
660,450,0.5
650,450,0.5
640,450,0.5
630,450,0.5
620,450,0.5
610,450,0.5
600,450,0.5
1200,500,0.5
1190,500,0.5
1180,500,0.5
1170,500,0.5
1160,500,0.5
1150,500,0.5
1140,500,0.5
1130,500,0.5
1120,500,0.5
1110,500,0.5
1100,500,0.5
1090,500,0.5
1080,500,0.5
1070,500,0.5
1060,500,0.5
1050,500,0.5
1040,500,0.5
1030,500,0.5
1020,500,0.5
1010,500,0.5
1000,500,0.5
990,500,0.5
980,500,0.5
970,500,0.5
960,500,0.5
950,500,0.5
940,500,0.5
930,500,0.5
920,500,0.5
910,500,0.5
900,500,0.5
890,500,0.5
880,500,0.5
870,500,0.5
860,500,0.5
850,500,0.5
840,500,0.5
830,500,0.5
820,500,0.5
810,500,0.5
800,500,0.5
790,500,0.5
780,500,0.5
770,500,0.5
760,500,0.5
750,500,0.5
740,500,0.5
730,500,0.5
720,500,0.5
710,500,0.5
700,500,0.5
690,500,0.5
680,500,0.5
670,500,0.5
660,500,0.5
650,500,0.5
640,500,0.5
630,500,0.5
620,500,0.5
610,500,0.5
600,500,0.5
1200,550,0.5
1190,550,0.5
1180,550,0.5
1170,550,0.5
1160,550,0.5
1150,550,0.5
1140,550,0.5
1130,550,0.5
1120,550,0.5
1110,550,0.5
1100,550,0.5
1090,550,0.5
1080,550,0.5
1070,550,0.5
1060,550,0.5
1050,550,0.5
1040,550,0.5
1030,550,0.5
1020,550,0.5
1010,550,0.5
1000,550,0.5
990,550,0.5
980,550,0.5
970,550,0.5
960,550,0.5
950,550,0.5
940,550,0.5
930,550,0.5
920,550,0.5
910,550,0.5
900,550,0.5
890,550,0.5
880,550,0.5
870,550,0.5
860,550,0.5
850,550,0.5
840,550,0.5
830,550,0.5
820,550,0.5
810,550,0.5
800,550,0.5
790,550,0.5
780,550,0.5
770,550,0.5
760,550,0.5
750,550,0.5
740,550,0.5
730,550,0.5
720,550,0.5
710,550,0.5
700,550,0.5
690,550,0.5
680,550,0.5
670,550,0.5
660,550,0.5
650,550,0.5
640,550,0.5
630,550,0.5
620,550,0.5
610,550,0.5
600,550,0.5
1200,600,0.5
1190,600,0.5
1180,600,0.5
1170,600,0.5
1160,600,0.5
1150,600,0.5
1140,600,0.5
1130,600,0.5
1120,600,0.5
1110,600,0.5
1100,600,0.5
1090,600,0.5
1080,600,0.5
1070,600,0.5
1060,600,0.5
1050,600,0.5
1040,600,0.5
1030,600,0.5
1020,600,0.5
1010,600,0.5
1000,600,0.5
990,600,0.5
980,600,0.5
970,600,0.5
960,600,0.5
950,600,0.5
940,600,0.5
930,600,0.5
920,600,0.5
910,600,0.5
900,600,0.5
890,600,0.5
880,600,0.5
870,600,0.5
860,600,0.5
850,600,0.5
840,600,0.5
830,600,0.5
820,600,0.5
810,600,0.5
800,600,0.5
790,600,0.5
780,600,0.5
770,600,0.5
760,600,0.5
750,600,0.5
740,600,0.5
730,600,0.5
720,600,0.5
710,600,0.5
700,600,0.5
690,600,0.5
680,600,0.5
670,600,0.5
660,600,0.5
650,600,0.5
640,600,0.5
630,600,0.5
620,600,0.5
610,600,0.5
600,600,0.5
1200,50,1.0
1190,50,1.0
1180,50,1.0
1170,50,1.0
1160,50,1.0
1150,50,1.0
1140,50,1.0
1130,50,1.0
1120,50,1.0
1110,50,1.0
1100,50,1.0
1090,50,1.0
1080,50,1.0
1070,50,1.0
1060,50,1.0
1050,50,1.0
1040,50,1.0
1030,50,1.0
1020,50,1.0
1010,50,1.0
1000,50,1.0
990,50,1.0
980,50,1.0
970,50,1.0
960,50,1.0
950,50,1.0
940,50,1.0
930,50,1.0
920,50,1.0
910,50,1.0
900,50,1.0
890,50,1.0
880,50,1.0
870,50,1.0
860,50,1.0
850,50,1.0
840,50,1.0
830,50,1.0
820,50,1.0
810,50,1.0
800,50,1.0
790,50,1.0
780,50,1.0
770,50,1.0
760,50,1.0
750,50,1.0
740,50,1.0
730,50,1.0
720,50,1.0
710,50,1.0
700,50,1.0
690,50,1.0
680,50,1.0
670,50,1.0
660,50,1.0
650,50,1.0
640,50,1.0
630,50,1.0
620,50,1.0
610,50,1.0
600,50,1.0
1200,100,1.0
1190,100,1.0
1180,100,1.0
1170,100,1.0
1160,100,1.0
1150,100,1.0
1140,100,1.0
1130,100,1.0
1120,100,1.0
1110,100,1.0
1100,100,1.0
1090,100,1.0
1080,100,1.0
1070,100,1.0
1060,100,1.0
1050,100,1.0
1040,100,1.0
1030,100,1.0
1020,100,1.0
1010,100,1.0
1000,100,1.0
990,100,1.0
980,100,1.0
970,100,1.0
960,100,1.0
950,100,1.0
940,100,1.0
930,100,1.0
920,100,1.0
910,100,1.0
900,100,1.0
890,100,1.0
880,100,1.0
870,100,1.0
860,100,1.0
850,100,1.0
840,100,1.0
830,100,1.0
820,100,1.0
810,100,1.0
800,100,1.0
790,100,1.0
780,100,1.0
770,100,1.0
760,100,1.0
750,100,1.0
740,100,1.0
730,100,1.0
720,100,1.0
710,100,1.0
700,100,1.0
690,100,1.0
680,100,1.0
670,100,1.0
660,100,1.0
650,100,1.0
640,100,1.0
630,100,1.0
620,100,1.0
610,100,1.0
600,100,1.0
1200,150,1.0
1190,150,1.0
1180,150,1.0
1170,150,1.0
1160,150,1.0
1150,150,1.0
1140,150,1.0
1130,150,1.0
1120,150,1.0
1110,150,1.0
1100,150,1.0
1090,150,1.0
1080,150,1.0
1070,150,1.0
1060,150,1.0
1050,150,1.0
1040,150,1.0
1030,150,1.0
1020,150,1.0
1010,150,1.0
1000,150,1.0
990,150,1.0
980,150,1.0
970,150,1.0
960,150,1.0
950,150,1.0
940,150,1.0
930,150,1.0
920,150,1.0
910,150,1.0
900,150,1.0
890,150,1.0
880,150,1.0
870,150,1.0
860,150,1.0
850,150,1.0
840,150,1.0
830,150,1.0
820,150,1.0
810,150,1.0
800,150,1.0
790,150,1.0
780,150,1.0
770,150,1.0
760,150,1.0
750,150,1.0
740,150,1.0
730,150,1.0
720,150,1.0
710,150,1.0
700,150,1.0
690,150,1.0
680,150,1.0
670,150,1.0
660,150,1.0
650,150,1.0
640,150,1.0
630,150,1.0
620,150,1.0
610,150,1.0
600,150,1.0
1200,200,1.0
1190,200,1.0
1180,200,1.0
1170,200,1.0
1160,200,1.0
1150,200,1.0
1140,200,1.0
1130,200,1.0
1120,200,1.0
1110,200,1.0
1100,200,1.0
1090,200,1.0
1080,200,1.0
1070,200,1.0
1060,200,1.0
1050,200,1.0
1040,200,1.0
1030,200,1.0
1020,200,1.0
1010,200,1.0
1000,200,1.0
990,200,1.0
980,200,1.0
970,200,1.0
960,200,1.0
950,200,1.0
940,200,1.0
930,200,1.0
920,200,1.0
910,200,1.0
900,200,1.0
890,200,1.0
880,200,1.0
870,200,1.0
860,200,1.0
850,200,1.0
840,200,1.0
830,200,1.0
820,200,1.0
810,200,1.0
800,200,1.0
790,200,1.0
780,200,1.0
770,200,1.0
760,200,1.0
750,200,1.0
740,200,1.0
730,200,1.0
720,200,1.0
710,200,1.0
700,200,1.0
690,200,1.0
680,200,1.0
670,200,1.0
660,200,1.0
650,200,1.0
640,200,1.0
630,200,1.0
620,200,1.0
610,200,1.0
600,200,1.0
1200,250,1.0
1190,250,1.0
1180,250,1.0
1170,250,1.0
1160,250,1.0
1150,250,1.0
1140,250,1.0
1130,250,1.0
1120,250,1.0
1110,250,1.0
1100,250,1.0
1090,250,1.0
1080,250,1.0
1070,250,1.0
1060,250,1.0
1050,250,1.0
1040,250,1.0
1030,250,1.0
1020,250,1.0
1010,250,1.0
1000,250,1.0
990,250,1.0
980,250,1.0
970,250,1.0
960,250,1.0
950,250,1.0
940,250,1.0
930,250,1.0
920,250,1.0
910,250,1.0
900,250,1.0
890,250,1.0
880,250,1.0
870,250,1.0
860,250,1.0
850,250,1.0
840,250,1.0
830,250,1.0
820,250,1.0
810,250,1.0
800,250,1.0
790,250,1.0
780,250,1.0
770,250,1.0
760,250,1.0
750,250,1.0
740,250,1.0
730,250,1.0
720,250,1.0
710,250,1.0
700,250,1.0
690,250,1.0
680,250,1.0
670,250,1.0
660,250,1.0
650,250,1.0
640,250,1.0
630,250,1.0
620,250,1.0
610,250,1.0
600,250,1.0
1200,300,1.0
1190,300,1.0
1180,300,1.0
1170,300,1.0
1160,300,1.0
1150,300,1.0
1140,300,1.0
1130,300,1.0
1120,300,1.0
1110,300,1.0
1100,300,1.0
1090,300,1.0
1080,300,1.0
1070,300,1.0
1060,300,1.0
1050,300,1.0
1040,300,1.0
1030,300,1.0
1020,300,1.0
1010,300,1.0
1000,300,1.0
990,300,1.0
980,300,1.0
970,300,1.0
960,300,1.0
950,300,1.0
940,300,1.0
930,300,1.0
920,300,1.0
910,300,1.0
900,300,1.0
890,300,1.0
880,300,1.0
870,300,1.0
860,300,1.0
850,300,1.0
840,300,1.0
830,300,1.0
820,300,1.0
810,300,1.0
800,300,1.0
790,300,1.0
780,300,1.0
770,300,1.0
760,300,1.0
750,300,1.0
740,300,1.0
730,300,1.0
720,300,1.0
710,300,1.0
700,300,1.0
690,300,1.0
680,300,1.0
670,300,1.0
660,300,1.0
650,300,1.0
640,300,1.0
630,300,1.0
620,300,1.0
610,300,1.0
600,300,1.0
1200,350,1.0
1190,350,1.0
1180,350,1.0
1170,350,1.0
1160,350,1.0
1150,350,1.0
1140,350,1.0
1130,350,1.0
1120,350,1.0
1110,350,1.0
1100,350,1.0
1090,350,1.0
1080,350,1.0
1070,350,1.0
1060,350,1.0
1050,350,1.0
1040,350,1.0
1030,350,1.0
1020,350,1.0
1010,350,1.0
1000,350,1.0
990,350,1.0
980,350,1.0
970,350,1.0
960,350,1.0
950,350,1.0
940,350,1.0
930,350,1.0
920,350,1.0
910,350,1.0
900,350,1.0
890,350,1.0
880,350,1.0
870,350,1.0
860,350,1.0
850,350,1.0
840,350,1.0
830,350,1.0
820,350,1.0
810,350,1.0
800,350,1.0
790,350,1.0
780,350,1.0
770,350,1.0
760,350,1.0
750,350,1.0
740,350,1.0
730,350,1.0
720,350,1.0
710,350,1.0
700,350,1.0
690,350,1.0
680,350,1.0
670,350,1.0
660,350,1.0
650,350,1.0
640,350,1.0
630,350,1.0
620,350,1.0
610,350,1.0
600,350,1.0
1200,400,1.0
1190,400,1.0
1180,400,1.0
1170,400,1.0
1160,400,1.0
1150,400,1.0
1140,400,1.0
1130,400,1.0
1120,400,1.0
1110,400,1.0
1100,400,1.0
1090,400,1.0
1080,400,1.0
1070,400,1.0
1060,400,1.0
1050,400,1.0
1040,400,1.0
1030,400,1.0
1020,400,1.0
1010,400,1.0
1000,400,1.0
990,400,1.0
980,400,1.0
970,400,1.0
960,400,1.0
950,400,1.0
940,400,1.0
930,400,1.0
920,400,1.0
910,400,1.0
900,400,1.0
890,400,1.0
880,400,1.0
870,400,1.0
860,400,1.0
850,400,1.0
840,400,1.0
830,400,1.0
820,400,1.0
810,400,1.0
800,400,1.0
790,400,1.0
780,400,1.0
770,400,1.0
760,400,1.0
750,400,1.0
740,400,1.0
730,400,1.0
720,400,1.0
710,400,1.0
700,400,1.0
690,400,1.0
680,400,1.0
670,400,1.0
660,400,1.0
650,400,1.0
640,400,1.0
630,400,1.0
620,400,1.0
610,400,1.0
600,400,1.0
1200,450,1.0
1190,450,1.0
1180,450,1.0
1170,450,1.0
1160,450,1.0
1150,450,1.0
1140,450,1.0
1130,450,1.0
1120,450,1.0
1110,450,1.0
1100,450,1.0
1090,450,1.0
1080,450,1.0
1070,450,1.0
1060,450,1.0
1050,450,1.0
1040,450,1.0
1030,450,1.0
1020,450,1.0
1010,450,1.0
1000,450,1.0
990,450,1.0
980,450,1.0
970,450,1.0
960,450,1.0
950,450,1.0
940,450,1.0
930,450,1.0
920,450,1.0
910,450,1.0
900,450,1.0
890,450,1.0
880,450,1.0
870,450,1.0
860,450,1.0
850,450,1.0
840,450,1.0
830,450,1.0
820,450,1.0
810,450,1.0
800,450,1.0
790,450,1.0
780,450,1.0
770,450,1.0
760,450,1.0
750,450,1.0
740,450,1.0
730,450,1.0
720,450,1.0
710,450,1.0
700,450,1.0
690,450,1.0
680,450,1.0
670,450,1.0
660,450,1.0
650,450,1.0
640,450,1.0
630,450,1.0
620,450,1.0
610,450,1.0
600,450,1.0
1200,500,1.0
1190,500,1.0
1180,500,1.0
1170,500,1.0
1160,500,1.0
1150,500,1.0
1140,500,1.0
1130,500,1.0
1120,500,1.0
1110,500,1.0
1100,500,1.0
1090,500,1.0
1080,500,1.0
1070,500,1.0
1060,500,1.0
1050,500,1.0
1040,500,1.0
1030,500,1.0
1020,500,1.0
1010,500,1.0
1000,500,1.0
990,500,1.0
980,500,1.0
970,500,1.0
960,500,1.0
950,500,1.0
940,500,1.0
930,500,1.0
920,500,1.0
910,500,1.0
900,500,1.0
890,500,1.0
880,500,1.0
870,500,1.0
860,500,1.0
850,500,1.0
840,500,1.0
830,500,1.0
820,500,1.0
810,500,1.0
800,500,1.0
790,500,1.0
780,500,1.0
770,500,1.0
760,500,1.0
750,500,1.0
740,500,1.0
730,500,1.0
720,500,1.0
710,500,1.0
700,500,1.0
690,500,1.0
680,500,1.0
670,500,1.0
660,500,1.0
650,500,1.0
640,500,1.0
630,500,1.0
620,500,1.0
610,500,1.0
600,500,1.0
1200,550,1.0
1190,550,1.0
1180,550,1.0
1170,550,1.0
1160,550,1.0
1150,550,1.0
1140,550,1.0
1130,550,1.0
1120,550,1.0
1110,550,1.0
1100,550,1.0
1090,550,1.0
1080,550,1.0
1070,550,1.0
1060,550,1.0
1050,550,1.0
1040,550,1.0
1030,550,1.0
1020,550,1.0
1010,550,1.0
1000,550,1.0
990,550,1.0
980,550,1.0
970,550,1.0
960,550,1.0
950,550,1.0
940,550,1.0
930,550,1.0
920,550,1.0
910,550,1.0
900,550,1.0
890,550,1.0
880,550,1.0
870,550,1.0
860,550,1.0
850,550,1.0
840,550,1.0
830,550,1.0
820,550,1.0
810,550,1.0
800,550,1.0
790,550,1.0
780,550,1.0
770,550,1.0
760,550,1.0
750,550,1.0
740,550,1.0
730,550,1.0
720,550,1.0
710,550,1.0
700,550,1.0
690,550,1.0
680,550,1.0
670,550,1.0
660,550,1.0
650,550,1.0
640,550,1.0
630,550,1.0
620,550,1.0
610,550,1.0
600,550,1.0
1200,600,1.0
1190,600,1.0
1180,600,1.0
1170,600,1.0
1160,600,1.0
1150,600,1.0
1140,600,1.0
1130,600,1.0
1120,600,1.0
1110,600,1.0
1100,600,1.0
1090,600,1.0
1080,600,1.0
1070,600,1.0
1060,600,1.0
1050,600,1.0
1040,600,1.0
1030,600,1.0
1020,600,1.0
1010,600,1.0
1000,600,1.0
990,600,1.0
980,600,1.0
970,600,1.0
960,600,1.0
950,600,1.0
940,600,1.0
930,600,1.0
920,600,1.0
910,600,1.0
900,600,1.0
890,600,1.0
880,600,1.0
870,600,1.0
860,600,1.0
850,600,1.0
840,600,1.0
830,600,1.0
820,600,1.0
810,600,1.0
800,600,1.0
790,600,1.0
780,600,1.0
770,600,1.0
760,600,1.0
750,600,1.0
740,600,1.0
730,600,1.0
720,600,1.0
710,600,1.0
700,600,1.0
690,600,1.0
680,600,1.0
670,600,1.0
660,600,1.0
650,600,1.0
640,600,1.0
630,600,1.0
620,600,1.0
610,600,1.0
600,600,1.0
1200,50,2.0
1190,50,2.0
1180,50,2.0
1170,50,2.0
1160,50,2.0
1150,50,2.0
1140,50,2.0
1130,50,2.0
1120,50,2.0
1110,50,2.0
1100,50,2.0
1090,50,2.0
1080,50,2.0
1070,50,2.0
1060,50,2.0
1050,50,2.0
1040,50,2.0
1030,50,2.0
1020,50,2.0
1010,50,2.0
1000,50,2.0
990,50,2.0
980,50,2.0
970,50,2.0
960,50,2.0
950,50,2.0
940,50,2.0
930,50,2.0
920,50,2.0
910,50,2.0
900,50,2.0
890,50,2.0
880,50,2.0
870,50,2.0
860,50,2.0
850,50,2.0
840,50,2.0
830,50,2.0
820,50,2.0
810,50,2.0
800,50,2.0
790,50,2.0
780,50,2.0
770,50,2.0
760,50,2.0
750,50,2.0
740,50,2.0
730,50,2.0
720,50,2.0
710,50,2.0
700,50,2.0
690,50,2.0
680,50,2.0
670,50,2.0
660,50,2.0
650,50,2.0
640,50,2.0
630,50,2.0
620,50,2.0
610,50,2.0
600,50,2.0
1200,100,2.0
1190,100,2.0
1180,100,2.0
1170,100,2.0
1160,100,2.0
1150,100,2.0
1140,100,2.0
1130,100,2.0
1120,100,2.0
1110,100,2.0
1100,100,2.0
1090,100,2.0
1080,100,2.0
1070,100,2.0
1060,100,2.0
1050,100,2.0
1040,100,2.0
1030,100,2.0
1020,100,2.0
1010,100,2.0
1000,100,2.0
990,100,2.0
980,100,2.0
970,100,2.0
960,100,2.0
950,100,2.0
940,100,2.0
930,100,2.0
920,100,2.0
910,100,2.0
900,100,2.0
890,100,2.0
880,100,2.0
870,100,2.0
860,100,2.0
850,100,2.0
840,100,2.0
830,100,2.0
820,100,2.0
810,100,2.0
800,100,2.0
790,100,2.0
780,100,2.0
770,100,2.0
760,100,2.0
750,100,2.0
740,100,2.0
730,100,2.0
720,100,2.0
710,100,2.0
700,100,2.0
690,100,2.0
680,100,2.0
670,100,2.0
660,100,2.0
650,100,2.0
640,100,2.0
630,100,2.0
620,100,2.0
610,100,2.0
600,100,2.0
1200,150,2.0
1190,150,2.0
1180,150,2.0
1170,150,2.0
1160,150,2.0
1150,150,2.0
1140,150,2.0
1130,150,2.0
1120,150,2.0
1110,150,2.0
1100,150,2.0
1090,150,2.0
1080,150,2.0
1070,150,2.0
1060,150,2.0
1050,150,2.0
1040,150,2.0
1030,150,2.0
1020,150,2.0
1010,150,2.0
1000,150,2.0
990,150,2.0
980,150,2.0
970,150,2.0
960,150,2.0
950,150,2.0
940,150,2.0
930,150,2.0
920,150,2.0
910,150,2.0
900,150,2.0
890,150,2.0
880,150,2.0
870,150,2.0
860,150,2.0
850,150,2.0
840,150,2.0
830,150,2.0
820,150,2.0
810,150,2.0
800,150,2.0
790,150,2.0
780,150,2.0
770,150,2.0
760,150,2.0
750,150,2.0
740,150,2.0
730,150,2.0
720,150,2.0
710,150,2.0
700,150,2.0
690,150,2.0
680,150,2.0
670,150,2.0
660,150,2.0
650,150,2.0
640,150,2.0
630,150,2.0
620,150,2.0
610,150,2.0
600,150,2.0
1200,200,2.0
1190,200,2.0
1180,200,2.0
1170,200,2.0
1160,200,2.0
1150,200,2.0
1140,200,2.0
1130,200,2.0
1120,200,2.0
1110,200,2.0
1100,200,2.0
1090,200,2.0
1080,200,2.0
1070,200,2.0
1060,200,2.0
1050,200,2.0
1040,200,2.0
1030,200,2.0
1020,200,2.0
1010,200,2.0
1000,200,2.0
990,200,2.0
980,200,2.0
970,200,2.0
960,200,2.0
950,200,2.0
940,200,2.0
930,200,2.0
920,200,2.0
910,200,2.0
900,200,2.0
890,200,2.0
880,200,2.0
870,200,2.0
860,200,2.0
850,200,2.0
840,200,2.0
830,200,2.0
820,200,2.0
810,200,2.0
800,200,2.0
790,200,2.0
780,200,2.0
770,200,2.0
760,200,2.0
750,200,2.0
740,200,2.0
730,200,2.0
720,200,2.0
710,200,2.0
700,200,2.0
690,200,2.0
680,200,2.0
670,200,2.0
660,200,2.0
650,200,2.0
640,200,2.0
630,200,2.0
620,200,2.0
610,200,2.0
600,200,2.0
1200,250,2.0
1190,250,2.0
1180,250,2.0
1170,250,2.0
1160,250,2.0
1150,250,2.0
1140,250,2.0
1130,250,2.0
1120,250,2.0
1110,250,2.0
1100,250,2.0
1090,250,2.0
1080,250,2.0
1070,250,2.0
1060,250,2.0
1050,250,2.0
1040,250,2.0
1030,250,2.0
1020,250,2.0
1010,250,2.0
1000,250,2.0
990,250,2.0
980,250,2.0
970,250,2.0
960,250,2.0
950,250,2.0
940,250,2.0
930,250,2.0
920,250,2.0
910,250,2.0
900,250,2.0
890,250,2.0
880,250,2.0
870,250,2.0
860,250,2.0
850,250,2.0
840,250,2.0
830,250,2.0
820,250,2.0
810,250,2.0
800,250,2.0
790,250,2.0
780,250,2.0
770,250,2.0
760,250,2.0
750,250,2.0
740,250,2.0
730,250,2.0
720,250,2.0
710,250,2.0
700,250,2.0
690,250,2.0
680,250,2.0
670,250,2.0
660,250,2.0
650,250,2.0
640,250,2.0
630,250,2.0
620,250,2.0
610,250,2.0
600,250,2.0
1200,300,2.0
1190,300,2.0
1180,300,2.0
1170,300,2.0
1160,300,2.0
1150,300,2.0
1140,300,2.0
1130,300,2.0
1120,300,2.0
1110,300,2.0
1100,300,2.0
1090,300,2.0
1080,300,2.0
1070,300,2.0
1060,300,2.0
1050,300,2.0
1040,300,2.0
1030,300,2.0
1020,300,2.0
1010,300,2.0
1000,300,2.0
990,300,2.0
980,300,2.0
970,300,2.0
960,300,2.0
950,300,2.0
940,300,2.0
930,300,2.0
920,300,2.0
910,300,2.0
900,300,2.0
890,300,2.0
880,300,2.0
870,300,2.0
860,300,2.0
850,300,2.0
840,300,2.0
830,300,2.0
820,300,2.0
810,300,2.0
800,300,2.0
790,300,2.0
780,300,2.0
770,300,2.0
760,300,2.0
750,300,2.0
740,300,2.0
730,300,2.0
720,300,2.0
710,300,2.0
700,300,2.0
690,300,2.0
680,300,2.0
670,300,2.0
660,300,2.0
650,300,2.0
640,300,2.0
630,300,2.0
620,300,2.0
610,300,2.0
600,300,2.0
1200,350,2.0
1190,350,2.0
1180,350,2.0
1170,350,2.0
1160,350,2.0
1150,350,2.0
1140,350,2.0
1130,350,2.0
1120,350,2.0
1110,350,2.0
1100,350,2.0
1090,350,2.0
1080,350,2.0
1070,350,2.0
1060,350,2.0
1050,350,2.0
1040,350,2.0
1030,350,2.0
1020,350,2.0
1010,350,2.0
1000,350,2.0
990,350,2.0
980,350,2.0
970,350,2.0
960,350,2.0
950,350,2.0
940,350,2.0
930,350,2.0
920,350,2.0
910,350,2.0
900,350,2.0
890,350,2.0
880,350,2.0
870,350,2.0
860,350,2.0
850,350,2.0
840,350,2.0
830,350,2.0
820,350,2.0
810,350,2.0
800,350,2.0
790,350,2.0
780,350,2.0
770,350,2.0
760,350,2.0
750,350,2.0
740,350,2.0
730,350,2.0
720,350,2.0
710,350,2.0
700,350,2.0
690,350,2.0
680,350,2.0
670,350,2.0
660,350,2.0
650,350,2.0
640,350,2.0
630,350,2.0
620,350,2.0
610,350,2.0
600,350,2.0
1200,400,2.0
1190,400,2.0
1180,400,2.0
1170,400,2.0
1160,400,2.0
1150,400,2.0
1140,400,2.0
1130,400,2.0
1120,400,2.0
1110,400,2.0
1100,400,2.0
1090,400,2.0
1080,400,2.0
1070,400,2.0
1060,400,2.0
1050,400,2.0
1040,400,2.0
1030,400,2.0
1020,400,2.0
1010,400,2.0
1000,400,2.0
990,400,2.0
980,400,2.0
970,400,2.0
960,400,2.0
950,400,2.0
940,400,2.0
930,400,2.0
920,400,2.0
910,400,2.0
900,400,2.0
890,400,2.0
880,400,2.0
870,400,2.0
860,400,2.0
850,400,2.0
840,400,2.0
830,400,2.0
820,400,2.0
810,400,2.0
800,400,2.0
790,400,2.0
780,400,2.0
770,400,2.0
760,400,2.0
750,400,2.0
740,400,2.0
730,400,2.0
720,400,2.0
710,400,2.0
700,400,2.0
690,400,2.0
680,400,2.0
670,400,2.0
660,400,2.0
650,400,2.0
640,400,2.0
630,400,2.0
620,400,2.0
610,400,2.0
600,400,2.0
1200,450,2.0
1190,450,2.0
1180,450,2.0
1170,450,2.0
1160,450,2.0
1150,450,2.0
1140,450,2.0
1130,450,2.0
1120,450,2.0
1110,450,2.0
1100,450,2.0
1090,450,2.0
1080,450,2.0
1070,450,2.0
1060,450,2.0
1050,450,2.0
1040,450,2.0
1030,450,2.0
1020,450,2.0
1010,450,2.0
1000,450,2.0
990,450,2.0
980,450,2.0
970,450,2.0
960,450,2.0
950,450,2.0
940,450,2.0
930,450,2.0
920,450,2.0
910,450,2.0
900,450,2.0
890,450,2.0
880,450,2.0
870,450,2.0
860,450,2.0
850,450,2.0
840,450,2.0
830,450,2.0
820,450,2.0
810,450,2.0
800,450,2.0
790,450,2.0
780,450,2.0
770,450,2.0
760,450,2.0
750,450,2.0
740,450,2.0
730,450,2.0
720,450,2.0
710,450,2.0
700,450,2.0
690,450,2.0
680,450,2.0
670,450,2.0
660,450,2.0
650,450,2.0
640,450,2.0
630,450,2.0
620,450,2.0
610,450,2.0
600,450,2.0
1200,500,2.0
1190,500,2.0
1180,500,2.0
1170,500,2.0
1160,500,2.0
1150,500,2.0
1140,500,2.0
1130,500,2.0
1120,500,2.0
1110,500,2.0
1100,500,2.0
1090,500,2.0
1080,500,2.0
1070,500,2.0
1060,500,2.0
1050,500,2.0
1040,500,2.0
1030,500,2.0
1020,500,2.0
1010,500,2.0
1000,500,2.0
990,500,2.0
980,500,2.0
970,500,2.0
960,500,2.0
950,500,2.0
940,500,2.0
930,500,2.0
920,500,2.0
910,500,2.0
900,500,2.0
890,500,2.0
880,500,2.0
870,500,2.0
860,500,2.0
850,500,2.0
840,500,2.0
830,500,2.0
820,500,2.0
810,500,2.0
800,500,2.0
790,500,2.0
780,500,2.0
770,500,2.0
760,500,2.0
750,500,2.0
740,500,2.0
730,500,2.0
720,500,2.0
710,500,2.0
700,500,2.0
690,500,2.0
680,500,2.0
670,500,2.0
660,500,2.0
650,500,2.0
640,500,2.0
630,500,2.0
620,500,2.0
610,500,2.0
600,500,2.0
1200,550,2.0
1190,550,2.0
1180,550,2.0
1170,550,2.0
1160,550,2.0
1150,550,2.0
1140,550,2.0
1130,550,2.0
1120,550,2.0
1110,550,2.0
1100,550,2.0
1090,550,2.0
1080,550,2.0
1070,550,2.0
1060,550,2.0
1050,550,2.0
1040,550,2.0
1030,550,2.0
1020,550,2.0
1010,550,2.0
1000,550,2.0
990,550,2.0
980,550,2.0
970,550,2.0
960,550,2.0
950,550,2.0
940,550,2.0
930,550,2.0
920,550,2.0
910,550,2.0
900,550,2.0
890,550,2.0
880,550,2.0
870,550,2.0
860,550,2.0
850,550,2.0
840,550,2.0
830,550,2.0
820,550,2.0
810,550,2.0
800,550,2.0
790,550,2.0
780,550,2.0
770,550,2.0
760,550,2.0
750,550,2.0
740,550,2.0
730,550,2.0
720,550,2.0
710,550,2.0
700,550,2.0
690,550,2.0
680,550,2.0
670,550,2.0
660,550,2.0
650,550,2.0
640,550,2.0
630,550,2.0
620,550,2.0
610,550,2.0
600,550,2.0
1200,600,2.0
1190,600,2.0
1180,600,2.0
1170,600,2.0
1160,600,2.0
1150,600,2.0
1140,600,2.0
1130,600,2.0
1120,600,2.0
1110,600,2.0
1100,600,2.0
1090,600,2.0
1080,600,2.0
1070,600,2.0
1060,600,2.0
1050,600,2.0
1040,600,2.0
1030,600,2.0
1020,600,2.0
1010,600,2.0
1000,600,2.0
990,600,2.0
980,600,2.0
970,600,2.0
960,600,2.0
950,600,2.0
940,600,2.0
930,600,2.0
920,600,2.0
910,600,2.0
900,600,2.0
890,600,2.0
880,600,2.0
870,600,2.0
860,600,2.0
850,600,2.0
840,600,2.0
830,600,2.0
820,600,2.0
810,600,2.0
800,600,2.0
790,600,2.0
780,600,2.0
770,600,2.0
760,600,2.0
750,600,2.0
740,600,2.0
730,600,2.0
720,600,2.0
710,600,2.0
700,600,2.0
690,600,2.0
680,600,2.0
670,600,2.0
660,600,2.0
650,600,2.0
640,600,2.0
630,600,2.0
620,600,2.0
610,600,2.0
600,600,2.0
1200,50,3.0
1190,50,3.0
1180,50,3.0
1170,50,3.0
1160,50,3.0
1150,50,3.0
1140,50,3.0
1130,50,3.0
1120,50,3.0
1110,50,3.0
1100,50,3.0
1090,50,3.0
1080,50,3.0
1070,50,3.0
1060,50,3.0
1050,50,3.0
1040,50,3.0
1030,50,3.0
1020,50,3.0
1010,50,3.0
1000,50,3.0
990,50,3.0
980,50,3.0
970,50,3.0
960,50,3.0
950,50,3.0
940,50,3.0
930,50,3.0
920,50,3.0
910,50,3.0
900,50,3.0
890,50,3.0
880,50,3.0
870,50,3.0
860,50,3.0
850,50,3.0
840,50,3.0
830,50,3.0
820,50,3.0
810,50,3.0
800,50,3.0
790,50,3.0
780,50,3.0
770,50,3.0
760,50,3.0
750,50,3.0
740,50,3.0
730,50,3.0
720,50,3.0
710,50,3.0
700,50,3.0
690,50,3.0
680,50,3.0
670,50,3.0
660,50,3.0
650,50,3.0
640,50,3.0
630,50,3.0
620,50,3.0
610,50,3.0
600,50,3.0
1200,100,3.0
1190,100,3.0
1180,100,3.0
1170,100,3.0
1160,100,3.0
1150,100,3.0
1140,100,3.0
1130,100,3.0
1120,100,3.0
1110,100,3.0
1100,100,3.0
1090,100,3.0
1080,100,3.0
1070,100,3.0
1060,100,3.0
1050,100,3.0
1040,100,3.0
1030,100,3.0
1020,100,3.0
1010,100,3.0
1000,100,3.0
990,100,3.0
980,100,3.0
970,100,3.0
960,100,3.0
950,100,3.0
940,100,3.0
930,100,3.0
920,100,3.0
910,100,3.0
900,100,3.0
890,100,3.0
880,100,3.0
870,100,3.0
860,100,3.0
850,100,3.0
840,100,3.0
830,100,3.0
820,100,3.0
810,100,3.0
800,100,3.0
790,100,3.0
780,100,3.0
770,100,3.0
760,100,3.0
750,100,3.0
740,100,3.0
730,100,3.0
720,100,3.0
710,100,3.0
700,100,3.0
690,100,3.0
680,100,3.0
670,100,3.0
660,100,3.0
650,100,3.0
640,100,3.0
630,100,3.0
620,100,3.0
610,100,3.0
600,100,3.0
1200,150,3.0
1190,150,3.0
1180,150,3.0
1170,150,3.0
1160,150,3.0
1150,150,3.0
1140,150,3.0
1130,150,3.0
1120,150,3.0
1110,150,3.0
1100,150,3.0
1090,150,3.0
1080,150,3.0
1070,150,3.0
1060,150,3.0
1050,150,3.0
1040,150,3.0
1030,150,3.0
1020,150,3.0
1010,150,3.0
1000,150,3.0
990,150,3.0
980,150,3.0
970,150,3.0
960,150,3.0
950,150,3.0
940,150,3.0
930,150,3.0
920,150,3.0
910,150,3.0
900,150,3.0
890,150,3.0
880,150,3.0
870,150,3.0
860,150,3.0
850,150,3.0
840,150,3.0
830,150,3.0
820,150,3.0
810,150,3.0
800,150,3.0
790,150,3.0
780,150,3.0
770,150,3.0
760,150,3.0
750,150,3.0
740,150,3.0
730,150,3.0
720,150,3.0
710,150,3.0
700,150,3.0
690,150,3.0
680,150,3.0
670,150,3.0
660,150,3.0
650,150,3.0
640,150,3.0
630,150,3.0
620,150,3.0
610,150,3.0
600,150,3.0
1200,200,3.0
1190,200,3.0
1180,200,3.0
1170,200,3.0
1160,200,3.0
1150,200,3.0
1140,200,3.0
1130,200,3.0
1120,200,3.0
1110,200,3.0
1100,200,3.0
1090,200,3.0
1080,200,3.0
1070,200,3.0
1060,200,3.0
1050,200,3.0
1040,200,3.0
1030,200,3.0
1020,200,3.0
1010,200,3.0
1000,200,3.0
990,200,3.0
980,200,3.0
970,200,3.0
960,200,3.0
950,200,3.0
940,200,3.0
930,200,3.0
920,200,3.0
910,200,3.0
900,200,3.0
890,200,3.0
880,200,3.0
870,200,3.0
860,200,3.0
850,200,3.0
840,200,3.0
830,200,3.0
820,200,3.0
810,200,3.0
800,200,3.0
790,200,3.0
780,200,3.0
770,200,3.0
760,200,3.0
750,200,3.0
740,200,3.0
730,200,3.0
720,200,3.0
710,200,3.0
700,200,3.0
690,200,3.0
680,200,3.0
670,200,3.0
660,200,3.0
650,200,3.0
640,200,3.0
630,200,3.0
620,200,3.0
610,200,3.0
600,200,3.0
1200,250,3.0
1190,250,3.0
1180,250,3.0
1170,250,3.0
1160,250,3.0
1150,250,3.0
1140,250,3.0
1130,250,3.0
1120,250,3.0
1110,250,3.0
1100,250,3.0
1090,250,3.0
1080,250,3.0
1070,250,3.0
1060,250,3.0
1050,250,3.0
1040,250,3.0
1030,250,3.0
1020,250,3.0
1010,250,3.0
1000,250,3.0
990,250,3.0
980,250,3.0
970,250,3.0
960,250,3.0
950,250,3.0
940,250,3.0
930,250,3.0
920,250,3.0
910,250,3.0
900,250,3.0
890,250,3.0
880,250,3.0
870,250,3.0
860,250,3.0
850,250,3.0
840,250,3.0
830,250,3.0
820,250,3.0
810,250,3.0
800,250,3.0
790,250,3.0
780,250,3.0
770,250,3.0
760,250,3.0
750,250,3.0
740,250,3.0
730,250,3.0
720,250,3.0
710,250,3.0
700,250,3.0
690,250,3.0
680,250,3.0
670,250,3.0
660,250,3.0
650,250,3.0
640,250,3.0
630,250,3.0
620,250,3.0
610,250,3.0
600,250,3.0
1200,300,3.0
1190,300,3.0
1180,300,3.0
1170,300,3.0
1160,300,3.0
1150,300,3.0
1140,300,3.0
1130,300,3.0
1120,300,3.0
1110,300,3.0
1100,300,3.0
1090,300,3.0
1080,300,3.0
1070,300,3.0
1060,300,3.0
1050,300,3.0
1040,300,3.0
1030,300,3.0
1020,300,3.0
1010,300,3.0
1000,300,3.0
990,300,3.0
980,300,3.0
970,300,3.0
960,300,3.0
950,300,3.0
940,300,3.0
930,300,3.0
920,300,3.0
910,300,3.0
900,300,3.0
890,300,3.0
880,300,3.0
870,300,3.0
860,300,3.0
850,300,3.0
840,300,3.0
830,300,3.0
820,300,3.0
810,300,3.0
800,300,3.0
790,300,3.0
780,300,3.0
770,300,3.0
760,300,3.0
750,300,3.0
740,300,3.0
730,300,3.0
720,300,3.0
710,300,3.0
700,300,3.0
690,300,3.0
680,300,3.0
670,300,3.0
660,300,3.0
650,300,3.0
640,300,3.0
630,300,3.0
620,300,3.0
610,300,3.0
600,300,3.0
1200,350,3.0
1190,350,3.0
1180,350,3.0
1170,350,3.0
1160,350,3.0
1150,350,3.0
1140,350,3.0
1130,350,3.0
1120,350,3.0
1110,350,3.0
1100,350,3.0
1090,350,3.0
1080,350,3.0
1070,350,3.0
1060,350,3.0
1050,350,3.0
1040,350,3.0
1030,350,3.0
1020,350,3.0
1010,350,3.0
1000,350,3.0
990,350,3.0
980,350,3.0
970,350,3.0
960,350,3.0
950,350,3.0
940,350,3.0
930,350,3.0
920,350,3.0
910,350,3.0
900,350,3.0
890,350,3.0
880,350,3.0
870,350,3.0
860,350,3.0
850,350,3.0
840,350,3.0
830,350,3.0
820,350,3.0
810,350,3.0
800,350,3.0
790,350,3.0
780,350,3.0
770,350,3.0
760,350,3.0
750,350,3.0
740,350,3.0
730,350,3.0
720,350,3.0
710,350,3.0
700,350,3.0
690,350,3.0
680,350,3.0
670,350,3.0
660,350,3.0
650,350,3.0
640,350,3.0
630,350,3.0
620,350,3.0
610,350,3.0
600,350,3.0
1200,400,3.0
1190,400,3.0
1180,400,3.0
1170,400,3.0
1160,400,3.0
1150,400,3.0
1140,400,3.0
1130,400,3.0
1120,400,3.0
1110,400,3.0
1100,400,3.0
1090,400,3.0
1080,400,3.0
1070,400,3.0
1060,400,3.0
1050,400,3.0
1040,400,3.0
1030,400,3.0
1020,400,3.0
1010,400,3.0
1000,400,3.0
990,400,3.0
980,400,3.0
970,400,3.0
960,400,3.0
950,400,3.0
940,400,3.0
930,400,3.0
920,400,3.0
910,400,3.0
900,400,3.0
890,400,3.0
880,400,3.0
870,400,3.0
860,400,3.0
850,400,3.0
840,400,3.0
830,400,3.0
820,400,3.0
810,400,3.0
800,400,3.0
790,400,3.0
780,400,3.0
770,400,3.0
760,400,3.0
750,400,3.0
740,400,3.0
730,400,3.0
720,400,3.0
710,400,3.0
700,400,3.0
690,400,3.0
680,400,3.0
670,400,3.0
660,400,3.0
650,400,3.0
640,400,3.0
630,400,3.0
620,400,3.0
610,400,3.0
600,400,3.0
1200,450,3.0
1190,450,3.0
1180,450,3.0
1170,450,3.0
1160,450,3.0
1150,450,3.0
1140,450,3.0
1130,450,3.0
1120,450,3.0
1110,450,3.0
1100,450,3.0
1090,450,3.0
1080,450,3.0
1070,450,3.0
1060,450,3.0
1050,450,3.0
1040,450,3.0
1030,450,3.0
1020,450,3.0
1010,450,3.0
1000,450,3.0
990,450,3.0
980,450,3.0
970,450,3.0
960,450,3.0
950,450,3.0
940,450,3.0
930,450,3.0
920,450,3.0
910,450,3.0
900,450,3.0
890,450,3.0
880,450,3.0
870,450,3.0
860,450,3.0
850,450,3.0
840,450,3.0
830,450,3.0
820,450,3.0
810,450,3.0
800,450,3.0
790,450,3.0
780,450,3.0
770,450,3.0
760,450,3.0
750,450,3.0
740,450,3.0
730,450,3.0
720,450,3.0
710,450,3.0
700,450,3.0
690,450,3.0
680,450,3.0
670,450,3.0
660,450,3.0
650,450,3.0
640,450,3.0
630,450,3.0
620,450,3.0
610,450,3.0
600,450,3.0
1200,500,3.0
1190,500,3.0
1180,500,3.0
1170,500,3.0
1160,500,3.0
1150,500,3.0
1140,500,3.0
1130,500,3.0
1120,500,3.0
1110,500,3.0
1100,500,3.0
1090,500,3.0
1080,500,3.0
1070,500,3.0
1060,500,3.0
1050,500,3.0
1040,500,3.0
1030,500,3.0
1020,500,3.0
1010,500,3.0
1000,500,3.0
990,500,3.0
980,500,3.0
970,500,3.0
960,500,3.0
950,500,3.0
940,500,3.0
930,500,3.0
920,500,3.0
910,500,3.0
900,500,3.0
890,500,3.0
880,500,3.0
870,500,3.0
860,500,3.0
850,500,3.0
840,500,3.0
830,500,3.0
820,500,3.0
810,500,3.0
800,500,3.0
790,500,3.0
780,500,3.0
770,500,3.0
760,500,3.0
750,500,3.0
740,500,3.0
730,500,3.0
720,500,3.0
710,500,3.0
700,500,3.0
690,500,3.0
680,500,3.0
670,500,3.0
660,500,3.0
650,500,3.0
640,500,3.0
630,500,3.0
620,500,3.0
610,500,3.0
600,500,3.0
1200,550,3.0
1190,550,3.0
1180,550,3.0
1170,550,3.0
1160,550,3.0
1150,550,3.0
1140,550,3.0
1130,550,3.0
1120,550,3.0
1110,550,3.0
1100,550,3.0
1090,550,3.0
1080,550,3.0
1070,550,3.0
1060,550,3.0
1050,550,3.0
1040,550,3.0
1030,550,3.0
1020,550,3.0
1010,550,3.0
1000,550,3.0
990,550,3.0
980,550,3.0
970,550,3.0
960,550,3.0
950,550,3.0
940,550,3.0
930,550,3.0
920,550,3.0
910,550,3.0
900,550,3.0
890,550,3.0
880,550,3.0
870,550,3.0
860,550,3.0
850,550,3.0
840,550,3.0
830,550,3.0
820,550,3.0
810,550,3.0
800,550,3.0
790,550,3.0
780,550,3.0
770,550,3.0
760,550,3.0
750,550,3.0
740,550,3.0
730,550,3.0
720,550,3.0
710,550,3.0
700,550,3.0
690,550,3.0
680,550,3.0
670,550,3.0
660,550,3.0
650,550,3.0
640,550,3.0
630,550,3.0
620,550,3.0
610,550,3.0
600,550,3.0
1200,600,3.0
1190,600,3.0
1180,600,3.0
1170,600,3.0
1160,600,3.0
1150,600,3.0
1140,600,3.0
1130,600,3.0
1120,600,3.0
1110,600,3.0
1100,600,3.0
1090,600,3.0
1080,600,3.0
1070,600,3.0
1060,600,3.0
1050,600,3.0
1040,600,3.0
1030,600,3.0
1020,600,3.0
1010,600,3.0
1000,600,3.0
990,600,3.0
980,600,3.0
970,600,3.0
960,600,3.0
950,600,3.0
940,600,3.0
930,600,3.0
920,600,3.0
910,600,3.0
900,600,3.0
890,600,3.0
880,600,3.0
870,600,3.0
860,600,3.0
850,600,3.0
840,600,3.0
830,600,3.0
820,600,3.0
810,600,3.0
800,600,3.0
790,600,3.0
780,600,3.0
770,600,3.0
760,600,3.0
750,600,3.0
740,600,3.0
730,600,3.0
720,600,3.0
710,600,3.0
700,600,3.0
690,600,3.0
680,600,3.0
670,600,3.0
660,600,3.0
650,600,3.0
640,600,3.0
630,600,3.0
620,600,3.0
610,600,3.0
600,600,3.0
1200,50,4.0
1190,50,4.0
1180,50,4.0
1170,50,4.0
1160,50,4.0
1150,50,4.0
1140,50,4.0
1130,50,4.0
1120,50,4.0
1110,50,4.0
1100,50,4.0
1090,50,4.0
1080,50,4.0
1070,50,4.0
1060,50,4.0
1050,50,4.0
1040,50,4.0
1030,50,4.0
1020,50,4.0
1010,50,4.0
1000,50,4.0
990,50,4.0
980,50,4.0
970,50,4.0
960,50,4.0
950,50,4.0
940,50,4.0
930,50,4.0
920,50,4.0
910,50,4.0
900,50,4.0
890,50,4.0
880,50,4.0
870,50,4.0
860,50,4.0
850,50,4.0
840,50,4.0
830,50,4.0
820,50,4.0
810,50,4.0
800,50,4.0
790,50,4.0
780,50,4.0
770,50,4.0
760,50,4.0
750,50,4.0
740,50,4.0
730,50,4.0
720,50,4.0
710,50,4.0
700,50,4.0
690,50,4.0
680,50,4.0
670,50,4.0
660,50,4.0
650,50,4.0
640,50,4.0
630,50,4.0
620,50,4.0
610,50,4.0
600,50,4.0
1200,100,4.0
1190,100,4.0
1180,100,4.0
1170,100,4.0
1160,100,4.0
1150,100,4.0
1140,100,4.0
1130,100,4.0
1120,100,4.0
1110,100,4.0
1100,100,4.0
1090,100,4.0
1080,100,4.0
1070,100,4.0
1060,100,4.0
1050,100,4.0
1040,100,4.0
1030,100,4.0
1020,100,4.0
1010,100,4.0
1000,100,4.0
990,100,4.0
980,100,4.0
970,100,4.0
960,100,4.0
950,100,4.0
940,100,4.0
930,100,4.0
920,100,4.0
910,100,4.0
900,100,4.0
890,100,4.0
880,100,4.0
870,100,4.0
860,100,4.0
850,100,4.0
840,100,4.0
830,100,4.0
820,100,4.0
810,100,4.0
800,100,4.0
790,100,4.0
780,100,4.0
770,100,4.0
760,100,4.0
750,100,4.0
740,100,4.0
730,100,4.0
720,100,4.0
710,100,4.0
700,100,4.0
690,100,4.0
680,100,4.0
670,100,4.0
660,100,4.0
650,100,4.0
640,100,4.0
630,100,4.0
620,100,4.0
610,100,4.0
600,100,4.0
1200,150,4.0
1190,150,4.0
1180,150,4.0
1170,150,4.0
1160,150,4.0
1150,150,4.0
1140,150,4.0
1130,150,4.0
1120,150,4.0
1110,150,4.0
1100,150,4.0
1090,150,4.0
1080,150,4.0
1070,150,4.0
1060,150,4.0
1050,150,4.0
1040,150,4.0
1030,150,4.0
1020,150,4.0
1010,150,4.0
1000,150,4.0
990,150,4.0
980,150,4.0
970,150,4.0
960,150,4.0
950,150,4.0
940,150,4.0
930,150,4.0
920,150,4.0
910,150,4.0
900,150,4.0
890,150,4.0
880,150,4.0
870,150,4.0
860,150,4.0
850,150,4.0
840,150,4.0
830,150,4.0
820,150,4.0
810,150,4.0
800,150,4.0
790,150,4.0
780,150,4.0
770,150,4.0
760,150,4.0
750,150,4.0
740,150,4.0
730,150,4.0
720,150,4.0
710,150,4.0
700,150,4.0
690,150,4.0
680,150,4.0
670,150,4.0
660,150,4.0
650,150,4.0
640,150,4.0
630,150,4.0
620,150,4.0
610,150,4.0
600,150,4.0
1200,200,4.0
1190,200,4.0
1180,200,4.0
1170,200,4.0
1160,200,4.0
1150,200,4.0
1140,200,4.0
1130,200,4.0
1120,200,4.0
1110,200,4.0
1100,200,4.0
1090,200,4.0
1080,200,4.0
1070,200,4.0
1060,200,4.0
1050,200,4.0
1040,200,4.0
1030,200,4.0
1020,200,4.0
1010,200,4.0
1000,200,4.0
990,200,4.0
980,200,4.0
970,200,4.0
960,200,4.0
950,200,4.0
940,200,4.0
930,200,4.0
920,200,4.0
910,200,4.0
900,200,4.0
890,200,4.0
880,200,4.0
870,200,4.0
860,200,4.0
850,200,4.0
840,200,4.0
830,200,4.0
820,200,4.0
810,200,4.0
800,200,4.0
790,200,4.0
780,200,4.0
770,200,4.0
760,200,4.0
750,200,4.0
740,200,4.0
730,200,4.0
720,200,4.0
710,200,4.0
700,200,4.0
690,200,4.0
680,200,4.0
670,200,4.0
660,200,4.0
650,200,4.0
640,200,4.0
630,200,4.0
620,200,4.0
610,200,4.0
600,200,4.0
1200,250,4.0
1190,250,4.0
1180,250,4.0
1170,250,4.0
1160,250,4.0
1150,250,4.0
1140,250,4.0
1130,250,4.0
1120,250,4.0
1110,250,4.0
1100,250,4.0
1090,250,4.0
1080,250,4.0
1070,250,4.0
1060,250,4.0
1050,250,4.0
1040,250,4.0
1030,250,4.0
1020,250,4.0
1010,250,4.0
1000,250,4.0
990,250,4.0
980,250,4.0
970,250,4.0
960,250,4.0
950,250,4.0
940,250,4.0
930,250,4.0
920,250,4.0
910,250,4.0
900,250,4.0
890,250,4.0
880,250,4.0
870,250,4.0
860,250,4.0
850,250,4.0
840,250,4.0
830,250,4.0
820,250,4.0
810,250,4.0
800,250,4.0
790,250,4.0
780,250,4.0
770,250,4.0
760,250,4.0
750,250,4.0
740,250,4.0
730,250,4.0
720,250,4.0
710,250,4.0
700,250,4.0
690,250,4.0
680,250,4.0
670,250,4.0
660,250,4.0
650,250,4.0
640,250,4.0
630,250,4.0
620,250,4.0
610,250,4.0
600,250,4.0
1200,300,4.0
1190,300,4.0
1180,300,4.0
1170,300,4.0
1160,300,4.0
1150,300,4.0
1140,300,4.0
1130,300,4.0
1120,300,4.0
1110,300,4.0
1100,300,4.0
1090,300,4.0
1080,300,4.0
1070,300,4.0
1060,300,4.0
1050,300,4.0
1040,300,4.0
1030,300,4.0
1020,300,4.0
1010,300,4.0
1000,300,4.0
990,300,4.0
980,300,4.0
970,300,4.0
960,300,4.0
950,300,4.0
940,300,4.0
930,300,4.0
920,300,4.0
910,300,4.0
900,300,4.0
890,300,4.0
880,300,4.0
870,300,4.0
860,300,4.0
850,300,4.0
840,300,4.0
830,300,4.0
820,300,4.0
810,300,4.0
800,300,4.0
790,300,4.0
780,300,4.0
770,300,4.0
760,300,4.0
750,300,4.0
740,300,4.0
730,300,4.0
720,300,4.0
710,300,4.0
700,300,4.0
690,300,4.0
680,300,4.0
670,300,4.0
660,300,4.0
650,300,4.0
640,300,4.0
630,300,4.0
620,300,4.0
610,300,4.0
600,300,4.0
1200,350,4.0
1190,350,4.0
1180,350,4.0
1170,350,4.0
1160,350,4.0
1150,350,4.0
1140,350,4.0
1130,350,4.0
1120,350,4.0
1110,350,4.0
1100,350,4.0
1090,350,4.0
1080,350,4.0
1070,350,4.0
1060,350,4.0
1050,350,4.0
1040,350,4.0
1030,350,4.0
1020,350,4.0
1010,350,4.0
1000,350,4.0
990,350,4.0
980,350,4.0
970,350,4.0
960,350,4.0
950,350,4.0
940,350,4.0
930,350,4.0
920,350,4.0
910,350,4.0
900,350,4.0
890,350,4.0
880,350,4.0
870,350,4.0
860,350,4.0
850,350,4.0
840,350,4.0
830,350,4.0
820,350,4.0
810,350,4.0
800,350,4.0
790,350,4.0
780,350,4.0
770,350,4.0
760,350,4.0
750,350,4.0
740,350,4.0
730,350,4.0
720,350,4.0
710,350,4.0
700,350,4.0
690,350,4.0
680,350,4.0
670,350,4.0
660,350,4.0
650,350,4.0
640,350,4.0
630,350,4.0
620,350,4.0
610,350,4.0
600,350,4.0
1200,400,4.0
1190,400,4.0
1180,400,4.0
1170,400,4.0
1160,400,4.0
1150,400,4.0
1140,400,4.0
1130,400,4.0
1120,400,4.0
1110,400,4.0
1100,400,4.0
1090,400,4.0
1080,400,4.0
1070,400,4.0
1060,400,4.0
1050,400,4.0
1040,400,4.0
1030,400,4.0
1020,400,4.0
1010,400,4.0
1000,400,4.0
990,400,4.0
980,400,4.0
970,400,4.0
960,400,4.0
950,400,4.0
940,400,4.0
930,400,4.0
920,400,4.0
910,400,4.0
900,400,4.0
890,400,4.0
880,400,4.0
870,400,4.0
860,400,4.0
850,400,4.0
840,400,4.0
830,400,4.0
820,400,4.0
810,400,4.0
800,400,4.0
790,400,4.0
780,400,4.0
770,400,4.0
760,400,4.0
750,400,4.0
740,400,4.0
730,400,4.0
720,400,4.0
710,400,4.0
700,400,4.0
690,400,4.0
680,400,4.0
670,400,4.0
660,400,4.0
650,400,4.0
640,400,4.0
630,400,4.0
620,400,4.0
610,400,4.0
600,400,4.0
1200,450,4.0
1190,450,4.0
1180,450,4.0
1170,450,4.0
1160,450,4.0
1150,450,4.0
1140,450,4.0
1130,450,4.0
1120,450,4.0
1110,450,4.0
1100,450,4.0
1090,450,4.0
1080,450,4.0
1070,450,4.0
1060,450,4.0
1050,450,4.0
1040,450,4.0
1030,450,4.0
1020,450,4.0
1010,450,4.0
1000,450,4.0
990,450,4.0
980,450,4.0
970,450,4.0
960,450,4.0
950,450,4.0
940,450,4.0
930,450,4.0
920,450,4.0
910,450,4.0
900,450,4.0
890,450,4.0
880,450,4.0
870,450,4.0
860,450,4.0
850,450,4.0
840,450,4.0
830,450,4.0
820,450,4.0
810,450,4.0
800,450,4.0
790,450,4.0
780,450,4.0
770,450,4.0
760,450,4.0
750,450,4.0
740,450,4.0
730,450,4.0
720,450,4.0
710,450,4.0
700,450,4.0
690,450,4.0
680,450,4.0
670,450,4.0
660,450,4.0
650,450,4.0
640,450,4.0
630,450,4.0
620,450,4.0
610,450,4.0
600,450,4.0
1200,500,4.0
1190,500,4.0
1180,500,4.0
1170,500,4.0
1160,500,4.0
1150,500,4.0
1140,500,4.0
1130,500,4.0
1120,500,4.0
1110,500,4.0
1100,500,4.0
1090,500,4.0
1080,500,4.0
1070,500,4.0
1060,500,4.0
1050,500,4.0
1040,500,4.0
1030,500,4.0
1020,500,4.0
1010,500,4.0
1000,500,4.0
990,500,4.0
980,500,4.0
970,500,4.0
960,500,4.0
950,500,4.0
940,500,4.0
930,500,4.0
920,500,4.0
910,500,4.0
900,500,4.0
890,500,4.0
880,500,4.0
870,500,4.0
860,500,4.0
850,500,4.0
840,500,4.0
830,500,4.0
820,500,4.0
810,500,4.0
800,500,4.0
790,500,4.0
780,500,4.0
770,500,4.0
760,500,4.0
750,500,4.0
740,500,4.0
730,500,4.0
720,500,4.0
710,500,4.0
700,500,4.0
690,500,4.0
680,500,4.0
670,500,4.0
660,500,4.0
650,500,4.0
640,500,4.0
630,500,4.0
620,500,4.0
610,500,4.0
600,500,4.0
1200,550,4.0
1190,550,4.0
1180,550,4.0
1170,550,4.0
1160,550,4.0
1150,550,4.0
1140,550,4.0
1130,550,4.0
1120,550,4.0
1110,550,4.0
1100,550,4.0
1090,550,4.0
1080,550,4.0
1070,550,4.0
1060,550,4.0
1050,550,4.0
1040,550,4.0
1030,550,4.0
1020,550,4.0
1010,550,4.0
1000,550,4.0
990,550,4.0
980,550,4.0
970,550,4.0
960,550,4.0
950,550,4.0
940,550,4.0
930,550,4.0
920,550,4.0
910,550,4.0
900,550,4.0
890,550,4.0
880,550,4.0
870,550,4.0
860,550,4.0
850,550,4.0
840,550,4.0
830,550,4.0
820,550,4.0
810,550,4.0
800,550,4.0
790,550,4.0
780,550,4.0
770,550,4.0
760,550,4.0
750,550,4.0
740,550,4.0
730,550,4.0
720,550,4.0
710,550,4.0
700,550,4.0
690,550,4.0
680,550,4.0
670,550,4.0
660,550,4.0
650,550,4.0
640,550,4.0
630,550,4.0
620,550,4.0
610,550,4.0
600,550,4.0
1200,600,4.0
1190,600,4.0
1180,600,4.0
1170,600,4.0
1160,600,4.0
1150,600,4.0
1140,600,4.0
1130,600,4.0
1120,600,4.0
1110,600,4.0
1100,600,4.0
1090,600,4.0
1080,600,4.0
1070,600,4.0
1060,600,4.0
1050,600,4.0
1040,600,4.0
1030,600,4.0
1020,600,4.0
1010,600,4.0
1000,600,4.0
990,600,4.0
980,600,4.0
970,600,4.0
960,600,4.0
950,600,4.0
940,600,4.0
930,600,4.0
920,600,4.0
910,600,4.0
900,600,4.0
890,600,4.0
880,600,4.0
870,600,4.0
860,600,4.0
850,600,4.0
840,600,4.0
830,600,4.0
820,600,4.0
810,600,4.0
800,600,4.0
790,600,4.0
780,600,4.0
770,600,4.0
760,600,4.0
750,600,4.0
740,600,4.0
730,600,4.0
720,600,4.0
710,600,4.0
700,600,4.0
690,600,4.0
680,600,4.0
670,600,4.0
660,600,4.0
650,600,4.0
640,600,4.0
630,600,4.0
620,600,4.0
610,600,4.0
600,600,4.0
1200,50,5.0
1190,50,5.0
1180,50,5.0
1170,50,5.0
1160,50,5.0
1150,50,5.0
1140,50,5.0
1130,50,5.0
1120,50,5.0
1110,50,5.0
1100,50,5.0
1090,50,5.0
1080,50,5.0
1070,50,5.0
1060,50,5.0
1050,50,5.0
1040,50,5.0
1030,50,5.0
1020,50,5.0
1010,50,5.0
1000,50,5.0
990,50,5.0
980,50,5.0
970,50,5.0
960,50,5.0
950,50,5.0
940,50,5.0
930,50,5.0
920,50,5.0
910,50,5.0
900,50,5.0
890,50,5.0
880,50,5.0
870,50,5.0
860,50,5.0
850,50,5.0
840,50,5.0
830,50,5.0
820,50,5.0
810,50,5.0
800,50,5.0
790,50,5.0
780,50,5.0
770,50,5.0
760,50,5.0
750,50,5.0
740,50,5.0
730,50,5.0
720,50,5.0
710,50,5.0
700,50,5.0
690,50,5.0
680,50,5.0
670,50,5.0
660,50,5.0
650,50,5.0
640,50,5.0
630,50,5.0
620,50,5.0
610,50,5.0
600,50,5.0
1200,100,5.0
1190,100,5.0
1180,100,5.0
1170,100,5.0
1160,100,5.0
1150,100,5.0
1140,100,5.0
1130,100,5.0
1120,100,5.0
1110,100,5.0
1100,100,5.0
1090,100,5.0
1080,100,5.0
1070,100,5.0
1060,100,5.0
1050,100,5.0
1040,100,5.0
1030,100,5.0
1020,100,5.0
1010,100,5.0
1000,100,5.0
990,100,5.0
980,100,5.0
970,100,5.0
960,100,5.0
950,100,5.0
940,100,5.0
930,100,5.0
920,100,5.0
910,100,5.0
900,100,5.0
890,100,5.0
880,100,5.0
870,100,5.0
860,100,5.0
850,100,5.0
840,100,5.0
830,100,5.0
820,100,5.0
810,100,5.0
800,100,5.0
790,100,5.0
780,100,5.0
770,100,5.0
760,100,5.0
750,100,5.0
740,100,5.0
730,100,5.0
720,100,5.0
710,100,5.0
700,100,5.0
690,100,5.0
680,100,5.0
670,100,5.0
660,100,5.0
650,100,5.0
640,100,5.0
630,100,5.0
620,100,5.0
610,100,5.0
600,100,5.0
1200,150,5.0
1190,150,5.0
1180,150,5.0
1170,150,5.0
1160,150,5.0
1150,150,5.0
1140,150,5.0
1130,150,5.0
1120,150,5.0
1110,150,5.0
1100,150,5.0
1090,150,5.0
1080,150,5.0
1070,150,5.0
1060,150,5.0
1050,150,5.0
1040,150,5.0
1030,150,5.0
1020,150,5.0
1010,150,5.0
1000,150,5.0
990,150,5.0
980,150,5.0
970,150,5.0
960,150,5.0
950,150,5.0
940,150,5.0
930,150,5.0
920,150,5.0
910,150,5.0
900,150,5.0
890,150,5.0
880,150,5.0
870,150,5.0
860,150,5.0
850,150,5.0
840,150,5.0
830,150,5.0
820,150,5.0
810,150,5.0
800,150,5.0
790,150,5.0
780,150,5.0
770,150,5.0
760,150,5.0
750,150,5.0
740,150,5.0
730,150,5.0
720,150,5.0
710,150,5.0
700,150,5.0
690,150,5.0
680,150,5.0
670,150,5.0
660,150,5.0
650,150,5.0
640,150,5.0
630,150,5.0
620,150,5.0
610,150,5.0
600,150,5.0
1200,200,5.0
1190,200,5.0
1180,200,5.0
1170,200,5.0
1160,200,5.0
1150,200,5.0
1140,200,5.0
1130,200,5.0
1120,200,5.0
1110,200,5.0
1100,200,5.0
1090,200,5.0
1080,200,5.0
1070,200,5.0
1060,200,5.0
1050,200,5.0
1040,200,5.0
1030,200,5.0
1020,200,5.0
1010,200,5.0
1000,200,5.0
990,200,5.0
980,200,5.0
970,200,5.0
960,200,5.0
950,200,5.0
940,200,5.0
930,200,5.0
920,200,5.0
910,200,5.0
900,200,5.0
890,200,5.0
880,200,5.0
870,200,5.0
860,200,5.0
850,200,5.0
840,200,5.0
830,200,5.0
820,200,5.0
810,200,5.0
800,200,5.0
790,200,5.0
780,200,5.0
770,200,5.0
760,200,5.0
750,200,5.0
740,200,5.0
730,200,5.0
720,200,5.0
710,200,5.0
700,200,5.0
690,200,5.0
680,200,5.0
670,200,5.0
660,200,5.0
650,200,5.0
640,200,5.0
630,200,5.0
620,200,5.0
610,200,5.0
600,200,5.0
1200,250,5.0
1190,250,5.0
1180,250,5.0
1170,250,5.0
1160,250,5.0
1150,250,5.0
1140,250,5.0
1130,250,5.0
1120,250,5.0
1110,250,5.0
1100,250,5.0
1090,250,5.0
1080,250,5.0
1070,250,5.0
1060,250,5.0
1050,250,5.0
1040,250,5.0
1030,250,5.0
1020,250,5.0
1010,250,5.0
1000,250,5.0
990,250,5.0
980,250,5.0
970,250,5.0
960,250,5.0
950,250,5.0
940,250,5.0
930,250,5.0
920,250,5.0
910,250,5.0
900,250,5.0
890,250,5.0
880,250,5.0
870,250,5.0
860,250,5.0
850,250,5.0
840,250,5.0
830,250,5.0
820,250,5.0
810,250,5.0
800,250,5.0
790,250,5.0
780,250,5.0
770,250,5.0
760,250,5.0
750,250,5.0
740,250,5.0
730,250,5.0
720,250,5.0
710,250,5.0
700,250,5.0
690,250,5.0
680,250,5.0
670,250,5.0
660,250,5.0
650,250,5.0
640,250,5.0
630,250,5.0
620,250,5.0
610,250,5.0
600,250,5.0
1200,300,5.0
1190,300,5.0
1180,300,5.0
1170,300,5.0
1160,300,5.0
1150,300,5.0
1140,300,5.0
1130,300,5.0
1120,300,5.0
1110,300,5.0
1100,300,5.0
1090,300,5.0
1080,300,5.0
1070,300,5.0
1060,300,5.0
1050,300,5.0
1040,300,5.0
1030,300,5.0
1020,300,5.0
1010,300,5.0
1000,300,5.0
990,300,5.0
980,300,5.0
970,300,5.0
960,300,5.0
950,300,5.0
940,300,5.0
930,300,5.0
920,300,5.0
910,300,5.0
900,300,5.0
890,300,5.0
880,300,5.0
870,300,5.0
860,300,5.0
850,300,5.0
840,300,5.0
830,300,5.0
820,300,5.0
810,300,5.0
800,300,5.0
790,300,5.0
780,300,5.0
770,300,5.0
760,300,5.0
750,300,5.0
740,300,5.0
730,300,5.0
720,300,5.0
710,300,5.0
700,300,5.0
690,300,5.0
680,300,5.0
670,300,5.0
660,300,5.0
650,300,5.0
640,300,5.0
630,300,5.0
620,300,5.0
610,300,5.0
600,300,5.0
1200,350,5.0
1190,350,5.0
1180,350,5.0
1170,350,5.0
1160,350,5.0
1150,350,5.0
1140,350,5.0
1130,350,5.0
1120,350,5.0
1110,350,5.0
1100,350,5.0
1090,350,5.0
1080,350,5.0
1070,350,5.0
1060,350,5.0
1050,350,5.0
1040,350,5.0
1030,350,5.0
1020,350,5.0
1010,350,5.0
1000,350,5.0
990,350,5.0
980,350,5.0
970,350,5.0
960,350,5.0
950,350,5.0
940,350,5.0
930,350,5.0
920,350,5.0
910,350,5.0
900,350,5.0
890,350,5.0
880,350,5.0
870,350,5.0
860,350,5.0
850,350,5.0
840,350,5.0
830,350,5.0
820,350,5.0
810,350,5.0
800,350,5.0
790,350,5.0
780,350,5.0
770,350,5.0
760,350,5.0
750,350,5.0
740,350,5.0
730,350,5.0
720,350,5.0
710,350,5.0
700,350,5.0
690,350,5.0
680,350,5.0
670,350,5.0
660,350,5.0
650,350,5.0
640,350,5.0
630,350,5.0
620,350,5.0
610,350,5.0
600,350,5.0
1200,400,5.0
1190,400,5.0
1180,400,5.0
1170,400,5.0
1160,400,5.0
1150,400,5.0
1140,400,5.0
1130,400,5.0
1120,400,5.0
1110,400,5.0
1100,400,5.0
1090,400,5.0
1080,400,5.0
1070,400,5.0
1060,400,5.0
1050,400,5.0
1040,400,5.0
1030,400,5.0
1020,400,5.0
1010,400,5.0
1000,400,5.0
990,400,5.0
980,400,5.0
970,400,5.0
960,400,5.0
950,400,5.0
940,400,5.0
930,400,5.0
920,400,5.0
910,400,5.0
900,400,5.0
890,400,5.0
880,400,5.0
870,400,5.0
860,400,5.0
850,400,5.0
840,400,5.0
830,400,5.0
820,400,5.0
810,400,5.0
800,400,5.0
790,400,5.0
780,400,5.0
770,400,5.0
760,400,5.0
750,400,5.0
740,400,5.0
730,400,5.0
720,400,5.0
710,400,5.0
700,400,5.0
690,400,5.0
680,400,5.0
670,400,5.0
660,400,5.0
650,400,5.0
640,400,5.0
630,400,5.0
620,400,5.0
610,400,5.0
600,400,5.0
1200,450,5.0
1190,450,5.0
1180,450,5.0
1170,450,5.0
1160,450,5.0
1150,450,5.0
1140,450,5.0
1130,450,5.0
1120,450,5.0
1110,450,5.0
1100,450,5.0
1090,450,5.0
1080,450,5.0
1070,450,5.0
1060,450,5.0
1050,450,5.0
1040,450,5.0
1030,450,5.0
1020,450,5.0
1010,450,5.0
1000,450,5.0
990,450,5.0
980,450,5.0
970,450,5.0
960,450,5.0
950,450,5.0
940,450,5.0
930,450,5.0
920,450,5.0
910,450,5.0
900,450,5.0
890,450,5.0
880,450,5.0
870,450,5.0
860,450,5.0
850,450,5.0
840,450,5.0
830,450,5.0
820,450,5.0
810,450,5.0
800,450,5.0
790,450,5.0
780,450,5.0
770,450,5.0
760,450,5.0
750,450,5.0
740,450,5.0
730,450,5.0
720,450,5.0
710,450,5.0
700,450,5.0
690,450,5.0
680,450,5.0
670,450,5.0
660,450,5.0
650,450,5.0
640,450,5.0
630,450,5.0
620,450,5.0
610,450,5.0
600,450,5.0
1200,500,5.0
1190,500,5.0
1180,500,5.0
1170,500,5.0
1160,500,5.0
1150,500,5.0
1140,500,5.0
1130,500,5.0
1120,500,5.0
1110,500,5.0
1100,500,5.0
1090,500,5.0
1080,500,5.0
1070,500,5.0
1060,500,5.0
1050,500,5.0
1040,500,5.0
1030,500,5.0
1020,500,5.0
1010,500,5.0
1000,500,5.0
990,500,5.0
980,500,5.0
970,500,5.0
960,500,5.0
950,500,5.0
940,500,5.0
930,500,5.0
920,500,5.0
910,500,5.0
900,500,5.0
890,500,5.0
880,500,5.0
870,500,5.0
860,500,5.0
850,500,5.0
840,500,5.0
830,500,5.0
820,500,5.0
810,500,5.0
800,500,5.0
790,500,5.0
780,500,5.0
770,500,5.0
760,500,5.0
750,500,5.0
740,500,5.0
730,500,5.0
720,500,5.0
710,500,5.0
700,500,5.0
690,500,5.0
680,500,5.0
670,500,5.0
660,500,5.0
650,500,5.0
640,500,5.0
630,500,5.0
620,500,5.0
610,500,5.0
600,500,5.0
1200,550,5.0
1190,550,5.0
1180,550,5.0
1170,550,5.0
1160,550,5.0
1150,550,5.0
1140,550,5.0
1130,550,5.0
1120,550,5.0
1110,550,5.0
1100,550,5.0
1090,550,5.0
1080,550,5.0
1070,550,5.0
1060,550,5.0
1050,550,5.0
1040,550,5.0
1030,550,5.0
1020,550,5.0
1010,550,5.0
1000,550,5.0
990,550,5.0
980,550,5.0
970,550,5.0
960,550,5.0
950,550,5.0
940,550,5.0
930,550,5.0
920,550,5.0
910,550,5.0
900,550,5.0
890,550,5.0
880,550,5.0
870,550,5.0
860,550,5.0
850,550,5.0
840,550,5.0
830,550,5.0
820,550,5.0
810,550,5.0
800,550,5.0
790,550,5.0
780,550,5.0
770,550,5.0
760,550,5.0
750,550,5.0
740,550,5.0
730,550,5.0
720,550,5.0
710,550,5.0
700,550,5.0
690,550,5.0
680,550,5.0
670,550,5.0
660,550,5.0
650,550,5.0
640,550,5.0
630,550,5.0
620,550,5.0
610,550,5.0
600,550,5.0
1200,600,5.0
1190,600,5.0
1180,600,5.0
1170,600,5.0
1160,600,5.0
1150,600,5.0
1140,600,5.0
1130,600,5.0
1120,600,5.0
1110,600,5.0
1100,600,5.0
1090,600,5.0
1080,600,5.0
1070,600,5.0
1060,600,5.0
1050,600,5.0
1040,600,5.0
1030,600,5.0
1020,600,5.0
1010,600,5.0
1000,600,5.0
990,600,5.0
980,600,5.0
970,600,5.0
960,600,5.0
950,600,5.0
940,600,5.0
930,600,5.0
920,600,5.0
910,600,5.0
900,600,5.0
890,600,5.0
880,600,5.0
870,600,5.0
860,600,5.0
850,600,5.0
840,600,5.0
830,600,5.0
820,600,5.0
810,600,5.0
800,600,5.0
790,600,5.0
780,600,5.0
770,600,5.0
760,600,5.0
750,600,5.0
740,600,5.0
730,600,5.0
720,600,5.0
710,600,5.0
700,600,5.0
690,600,5.0
680,600,5.0
670,600,5.0
660,600,5.0
650,600,5.0
640,600,5.0
630,600,5.0
620,600,5.0
610,600,5.0
600,600,5.0
